{"cameraMode":{"drawMode":0,"name":"Shaded","section":"Shading Mode"},"sceneLighting":true,"audioPlay":false,"sceneViewState":{"m_AlwaysRefresh":false,"showFog":true,"showSkybox":true,"showFlares":true,"showImageEffects":true,"showParticleSystems":true,"showVisualEffectGraphs":true,"m_FxEnabled":true},"in2DMode":false,"pivot":{"x":33.72115707397461,"y":142.67254638671876,"z":78.33856201171875},"rotation":{"x":-0.3054368793964386,"y":0.02804579585790634,"z":-0.008859042078256607,"w":-0.951863706111908},"size":110.30493927001953,"orthographic":true}