{"cameraMode":{"drawMode":0,"name":"Shaded","section":"Shading Mode"},"sceneLighting":true,"audioPlay":false,"sceneViewState":{"m_AlwaysRefresh":false,"showFog":true,"showSkybox":true,"showFlares":true,"showImageEffects":true,"showParticleSystems":true,"showVisualEffectGraphs":true,"m_FxEnabled":true},"in2DMode":false,"pivot":{"x":123.32606506347656,"y":11.969430923461914,"z":-250.79647827148438},"rotation":{"x":0.048191484063863757,"y":0.06469233334064484,"z":-0.0031016413122415544,"w":0.9967584609985352},"size":46.72495651245117,"orthographic":true}